--Ce document contient les requêtes dédiées au peuplement de la base de données--


INSERT INTO LABORATOIRE(IDLABORATOIRE, NOMLABO, ADRESSELABO, VILLE, NUMEROTEL,NB_CHERCHEUR,EMAIL,SITE_INTERNET) VALUES (0,'Labo 1','16 rue des potiers','Paris','0123456789',10,'labo1@email.com','www.labo1.fr');
INSERT INTO LABORATOIRE(IDLABORATOIRE, NOMLABO, ADRESSELABO, VILLE, NUMEROTEL,NB_CHERCHEUR,EMAIL,SITE_INTERNET) VALUES (1,'Labo 2','20 Rue de la paix','Reims','0122222222',10,'labo2@email.com','www.labo2.fr');


INSERT INTO PEA(ID_PEA,DATEPEA,MENTION,OBSERVATION)VALUES (0,TO_DATE('21112023','DDMMYYYY'),'Santé','Bon résultat');
INSERT INTO PEA(ID_PEA,DATEPEA,MENTION,OBSERVATION)VALUES (1,TO_DATE('21112023','DDMMYYYY'),'Santé','Mauvais résultat');
INSERT INTO PEA(ID_PEA,DATEPEA,MENTION,OBSERVATION)VALUES (2,TO_DATE('23112023','DDMMYYYY'),'Santé','Mauvais résultat');

INSERT INTO ANIMALERIE(ID_ANIMALERIE,GENRE_SOURIS,NB_SOURIS,ID_PEA,IDLABORATOIRE) VALUES (0,'Femelle',20,0,0);
INSERT INTO ANIMALERIE(ID_ANIMALERIE,GENRE_SOURIS,NB_SOURIS,ID_PEA,IDLABORATOIRE) VALUES (1,'Male',20,1,1);

INSERT INTO CONTRATCHERCHEUR_INGE(IDCONTRAT,SECTEUR,TYPE_CONTRAT) VALUES (0,'Santé','CDI');
INSERT INTO CONTRATCHERCHEUR_INGE(IDCONTRAT,SECTEUR,TYPE_CONTRAT) VALUES (1,'Aéronautique','CDI');

INSERT INTO THESECHERCHEUR(IDTHESEC,DATE_DEBUT,DATE_FIN) VALUES (0,TO_DATE('01092023','DDMMYYYY'),TO_DATE('01092026','DDMMYYYY'));
INSERT INTO THESECHERCHEUR(IDTHESEC,DATE_DEBUT,DATE_FIN) VALUES (1,TO_DATE('01092023','DDMMYYYY'),TO_DATE('01092027','DDMMYYYY'));
INSERT INTO THESECHERCHEUR(IDTHESEC,DATE_DEBUT,DATE_FIN) VALUES (2,TO_DATE('01092022','DDMMYYYY'),TO_DATE('01092025','DDMMYYYY'));

INSERT INTO UNIVERSITECHERCHEUR(IDUNIVERSITECHERCHEUR,ADRESSEUNIVERSITE,NB_HEURESC) VALUES (0,'Rue des Crayères, 51100 Reims',20);
INSERT INTO UNIVERSITECHERCHEUR(IDUNIVERSITECHERCHEUR,ADRESSEUNIVERSITE,NB_HEURESC) VALUES (1,'Rue Censier, 75005 Paris',15);

INSERT INTO TACHE(ID_TACHE,NOM_TACHE) VALUES (0,'Responsable Equipe');
INSERT INTO TACHE(ID_TACHE,NOM_TACHE) VALUES (1,'Responsable Produit');
INSERT INTO TACHE(ID_TACHE,NOM_TACHE) VALUES (2,'Rangement');
INSERT INTO TACHE(ID_TACHE,NOM_TACHE) VALUES (3,'Nettoyage');
INSERT INTO TACHE(ID_TACHE,NOM_TACHE) VALUES (4,'Sécurité');

INSERT INTO CHERCHEUR(IDCHERCHEUR, NOMCHERCHEUR, STATUTCHERCHEUR, PRENOMCHERCHEUR, AGECHERCHEUR,IDLABORATOIRE) VALUES (0,'Dubois','Non','Jean',30,0);
INSERT INTO CHERCHEUR(IDCHERCHEUR, NOMCHERCHEUR, STATUTCHERCHEUR, PRENOMCHERCHEUR, AGECHERCHEUR,IDLABORATOIRE) VALUES (1,'Brault','Non','Zoé',22,0);
INSERT INTO CHERCHEUR(IDCHERCHEUR, NOMCHERCHEUR, STATUTCHERCHEUR, PRENOMCHERCHEUR, AGECHERCHEUR,IDLABORATOIRE) VALUES (2,'Lefèvre','Non','Paul',35,0);
INSERT INTO CHERCHEUR(IDCHERCHEUR, NOMCHERCHEUR, STATUTCHERCHEUR, PRENOMCHERCHEUR, AGECHERCHEUR,IDLABORATOIRE) VALUES (3,'Duval','Non','Jeanne',55,0);
INSERT INTO CHERCHEUR(IDCHERCHEUR, NOMCHERCHEUR, STATUTCHERCHEUR, PRENOMCHERCHEUR, AGECHERCHEUR,IDLABORATOIRE,IDCONTRAT) VALUES (4,'Turpin','Ingénieur','Clément',40,0,0);
INSERT INTO CHERCHEUR(IDCHERCHEUR, NOMCHERCHEUR, STATUTCHERCHEUR, PRENOMCHERCHEUR, AGECHERCHEUR,IDLABORATOIRE,IDCONTRAT) VALUES (5,'Cardin','Ingénieur','Josiane',63,0,1);
INSERT INTO CHERCHEUR(IDCHERCHEUR, NOMCHERCHEUR, STATUTCHERCHEUR, PRENOMCHERCHEUR, AGECHERCHEUR,IDLABORATOIRE,IDUNIVERSITECHERCHEUR) VALUES (6,'Bilou','Professeur','Jean-Pierre',38,0,1);
INSERT INTO CHERCHEUR(IDCHERCHEUR, NOMCHERCHEUR, STATUTCHERCHEUR, PRENOMCHERCHEUR, AGECHERCHEUR,IDLABORATOIRE,IDUNIVERSITECHERCHEUR) VALUES (7,'Mazet','Professeur','Maxime',43,0,1);
INSERT INTO CHERCHEUR(IDCHERCHEUR, NOMCHERCHEUR, STATUTCHERCHEUR, PRENOMCHERCHEUR, AGECHERCHEUR,IDLABORATOIRE,IDUNIVERSITECHERCHEUR) VALUES (8,'Jauffret','Professeur','Thierry',35,0,1);
INSERT INTO CHERCHEUR(IDCHERCHEUR, NOMCHERCHEUR, STATUTCHERCHEUR, PRENOMCHERCHEUR, AGECHERCHEUR,IDLABORATOIRE,IDTHESEC) VALUES (9,'Broussaud','Etudiant','Mickael',20,0,0);

INSERT INTO CHERCHEUR(IDCHERCHEUR, NOMCHERCHEUR, STATUTCHERCHEUR, PRENOMCHERCHEUR, AGECHERCHEUR,IDLABORATOIRE,IDCONTRAT) VALUES (10,'Hector','Ingénieur','Beatrice',40,1,0);
INSERT INTO CHERCHEUR(IDCHERCHEUR, NOMCHERCHEUR, STATUTCHERCHEUR, PRENOMCHERCHEUR, AGECHERCHEUR,IDLABORATOIRE,IDTHESEC) VALUES (11,'Chuquet','Etudiant','Constance',23,1,2);
INSERT INTO CHERCHEUR(IDCHERCHEUR, NOMCHERCHEUR, STATUTCHERCHEUR, PRENOMCHERCHEUR, AGECHERCHEUR,IDLABORATOIRE,IDTHESEC) VALUES (12,'Devilliers','Etudiant','Nina',20,1,0);
INSERT INTO CHERCHEUR(IDCHERCHEUR, NOMCHERCHEUR, STATUTCHERCHEUR, PRENOMCHERCHEUR, AGECHERCHEUR,IDLABORATOIRE,IDTHESEC) VALUES (13,'Beaulne','Etudiant','Quentin',20,1,2);
INSERT INTO CHERCHEUR(IDCHERCHEUR, NOMCHERCHEUR, STATUTCHERCHEUR, PRENOMCHERCHEUR, AGECHERCHEUR,IDLABORATOIRE) VALUES (14,'Robinet','Non','Aude',30,1);
INSERT INTO CHERCHEUR(IDCHERCHEUR, NOMCHERCHEUR, STATUTCHERCHEUR, PRENOMCHERCHEUR, AGECHERCHEUR,IDLABORATOIRE) VALUES (15,'Kalubi','Non','William',22,1);
INSERT INTO CHERCHEUR(IDCHERCHEUR, NOMCHERCHEUR, STATUTCHERCHEUR, PRENOMCHERCHEUR, AGECHERCHEUR,IDLABORATOIRE) VALUES (16,'Aubert','Non','Amy',35,1);
INSERT INTO CHERCHEUR(IDCHERCHEUR, NOMCHERCHEUR, STATUTCHERCHEUR, PRENOMCHERCHEUR, AGECHERCHEUR,IDLABORATOIRE) VALUES (17,'Chaumont','Non','Bernard',55,1);
INSERT INTO CHERCHEUR(IDCHERCHEUR, NOMCHERCHEUR, STATUTCHERCHEUR, PRENOMCHERCHEUR, AGECHERCHEUR,IDLABORATOIRE,IDUNIVERSITECHERCHEUR) VALUES (18,'Martin','Professeur','Alain',43,1,0);
INSERT INTO CHERCHEUR(IDCHERCHEUR, NOMCHERCHEUR, STATUTCHERCHEUR, PRENOMCHERCHEUR, AGECHERCHEUR,IDLABORATOIRE,IDUNIVERSITECHERCHEUR) VALUES (19,'Bier','Professeur','Paul',35,1,0);

INSERT INTO FOURNISSEUR(IDFOURNISSEUR,NOMFOURNISSEUR,ADRESSEFOURNISSEUR,TELFOURNISSEUR,EMAIL_FOURNISSEUR) VALUES (0,'Fournitout','1 rue de Reims','0322167589','fournitout@email.com');
INSERT INTO FOURNISSEUR(IDFOURNISSEUR,NOMFOURNISSEUR,ADRESSEFOURNISSEUR,TELFOURNISSEUR,EMAIL_FOURNISSEUR) VALUES (1,'Fournipresquetout','1 rue de Lille','0365458620','fournipresquetout@email.com');
INSERT INTO FOURNISSEUR(IDFOURNISSEUR,NOMFOURNISSEUR,ADRESSEFOURNISSEUR,TELFOURNISSEUR,EMAIL_FOURNISSEUR) VALUES (2,'Fourniuntruc','1 rue de Brest','0265486395','fourniuntruc@email.com');

INSERT INTO CONSOMMABLES(IDCONSOMMABLE,CONTENANCE_TAILLE,NOMCONSOMMABLE,LOCALISATIONCONSOMMABLE) VALUES (0,'S','Gants','Tiroir B');
INSERT INTO CONSOMMABLES(IDCONSOMMABLE,CONTENANCE_TAILLE,NOMCONSOMMABLE,LOCALISATIONCONSOMMABLE) VALUES (1,'M','Gants','Tiroir B');
INSERT INTO CONSOMMABLES(IDCONSOMMABLE,CONTENANCE_TAILLE,NOMCONSOMMABLE,LOCALISATIONCONSOMMABLE) VALUES (2,'50 mL','Bécher','Armoire 6B');
INSERT INTO CONSOMMABLES(IDCONSOMMABLE,CONTENANCE_TAILLE,NOMCONSOMMABLE,LOCALISATIONCONSOMMABLE) VALUES (3,'100 mL','Eprouvette','Armoire 6A');

INSERT INTO PRODUITSCHIMIQUES(IDPRODUITCHIMIQUE,NOMPRODUITCHIMIQUE,CONCENTRATIONPRODUITCHIMIQUE,CONTRES_INDICATIONS,TEMPERATURE_UTILISATION,LOCALISATIONPRODUITCHIMIQUE) VALUES(0,'Acide Chlorhydrique','37%','Ne pas inhaler','20 °C','Stockage A1');
INSERT INTO PRODUITSCHIMIQUES(IDPRODUITCHIMIQUE,NOMPRODUITCHIMIQUE,CONCENTRATIONPRODUITCHIMIQUE,CONTRES_INDICATIONS,TEMPERATURE_UTILISATION,LOCALISATIONPRODUITCHIMIQUE) VALUES(1,'Ethanol','25%','Ne pas inhaler','20 °C','Stockage A3');
INSERT INTO PRODUITSCHIMIQUES(IDPRODUITCHIMIQUE,NOMPRODUITCHIMIQUE,CONCENTRATIONPRODUITCHIMIQUE,CONTRES_INDICATIONS,TEMPERATURE_UTILISATION,LOCALISATIONPRODUITCHIMIQUE) VALUES(2,'Nitrate de sodium','50%','Ne pas avaler','10 °C','Stockage A4');

INSERT INTO MATERIEL_BIOLOGIE_MOLECULAIRE(ID_MAT_BIO,NOM_MAT_BIO,LOCALISATION_MAT_BIO) VALUES (0,'Table UV','Stockage MB7');
INSERT INTO MATERIEL_BIOLOGIE_MOLECULAIRE(ID_MAT_BIO,NOM_MAT_BIO,LOCALISATION_MAT_BIO) VALUES (1,'MicroTube','Stockage MB5');
INSERT INTO MATERIEL_BIOLOGIE_MOLECULAIRE(ID_MAT_BIO,NOM_MAT_BIO,LOCALISATION_MAT_BIO) VALUES (2,'Microplaque','Stockage MB6');

INSERT INTO CULTURECELLULAIRE(IDCULTURECELLULAIRE,NOMCULTURECELL,CONCENTRATIONCULTURECELLULAIRE,LOCALISATIONCULTURECELLULAIRE) VALUES (0,'Culture XYZ','20%','Chambre Froide 2');
INSERT INTO CULTURECELLULAIRE(IDCULTURECELLULAIRE,NOMCULTURECELL,CONCENTRATIONCULTURECELLULAIRE,LOCALISATIONCULTURECELLULAIRE) VALUES (1,'Culture zdds2','50%','Chambre Froide 2');
INSERT INTO CULTURECELLULAIRE(IDCULTURECELLULAIRE,NOMCULTURECELL,CONCENTRATIONCULTURECELLULAIRE,LOCALISATIONCULTURECELLULAIRE) VALUES (2,'Culture ads3','70%','Chambre Froide 1');

INSERT INTO ENZYMES_RESTRICTION(ID_ENZYME_RESTRICTION,NUMERO_CONTAINER,NOM_ENZYME,CONCENTRATIONENZYME,TEMPERATURE_UTILISATION,NUMERO_BOITE) VALUES(0,1,'BamHI','50%','20 °C',2);
INSERT INTO ENZYMES_RESTRICTION(ID_ENZYME_RESTRICTION,NUMERO_CONTAINER,NOM_ENZYME,CONCENTRATIONENZYME,TEMPERATURE_UTILISATION,NUMERO_BOITE) VALUES(1,2,'HindIII','100%','0 °C',1);
INSERT INTO ENZYMES_RESTRICTION(ID_ENZYME_RESTRICTION,NUMERO_CONTAINER,NOM_ENZYME,CONCENTRATIONENZYME,TEMPERATURE_UTILISATION,NUMERO_BOITE) VALUES(2,3,'TaqI','80%','10 °C',3);


INSERT INTO EXPERIENCE(IDEXPERIENCE,BUT,DUREEPREPARATION,DUREEINCUBATION,RESULTAT) VALUES (0,'Créer organisme de synthèse','3 jours','1 mois','Echec');
INSERT INTO EXPERIENCE(IDEXPERIENCE,BUT,DUREEPREPARATION,DUREEINCUBATION,RESULTAT) VALUES (1,'Créer organisme de synthèse','5 jours','2 mois','Réussite');
INSERT INTO EXPERIENCE(IDEXPERIENCE,BUT,DUREEPREPARATION,DUREEINCUBATION,RESULTAT) VALUES (2,'Créer organisme de synthèse','3 jours','1 mois','Peu Concluant');

INSERT INTO PROJET(IDPROJET,SUJET,NB_PUBLICATIONS,DATEDEBUT,STATUT,IDEXPERIENCE) VALUES (0, 'Recherches sur le cancer des poumons', 4, TO_DATE('01022023','DDMMYYYY'),'En Cours',0);
INSERT INTO PROJET(IDPROJET,SUJET,NB_PUBLICATIONS,DATEDEBUT,STATUT,IDEXPERIENCE) VALUES (1, 'Recherches sur le cancer des poumons', 6, TO_DATE('01022023','DDMMYYYY'),'Terminé',1);
INSERT INTO PROJET(IDPROJET,SUJET,NB_PUBLICATIONS,DATEDEBUT,STATUT,IDEXPERIENCE) VALUES (2, 'Recherches sur le cancer des poumons', 1, TO_DATE('01022023','DDMMYYYY'),'En Cours',2);

INSERT INTO EQUIPE(IDEQUIPE,IDPROJET,IDCHERCHEUR) VALUES (0,0,3);
INSERT INTO EQUIPE(IDEQUIPE,IDPROJET,IDCHERCHEUR) VALUES (1,0,5);
INSERT INTO EQUIPE(IDEQUIPE,IDPROJET,IDCHERCHEUR) VALUES (2,1,10);
INSERT INTO EQUIPE(IDEQUIPE,IDPROJET,IDCHERCHEUR) VALUES (3,1,17);

INSERT INTO ETRE_MEMBRE(IDCHERCHEUR,IDEQUIPE) VALUES (0,0);
INSERT INTO ETRE_MEMBRE(IDCHERCHEUR,IDEQUIPE) VALUES (1,0);
INSERT INTO ETRE_MEMBRE(IDCHERCHEUR,IDEQUIPE) VALUES (2,0);
INSERT INTO ETRE_MEMBRE(IDCHERCHEUR,IDEQUIPE) VALUES (3,0);
INSERT INTO ETRE_MEMBRE(IDCHERCHEUR,IDEQUIPE) VALUES (4,0);
INSERT INTO ETRE_MEMBRE(IDCHERCHEUR,IDEQUIPE) VALUES (5,1);
INSERT INTO ETRE_MEMBRE(IDCHERCHEUR,IDEQUIPE) VALUES (6,1);
INSERT INTO ETRE_MEMBRE(IDCHERCHEUR,IDEQUIPE) VALUES (7,1);
INSERT INTO ETRE_MEMBRE(IDCHERCHEUR,IDEQUIPE) VALUES (8,1);
INSERT INTO ETRE_MEMBRE(IDCHERCHEUR,IDEQUIPE) VALUES (9,1);
INSERT INTO ETRE_MEMBRE(IDCHERCHEUR,IDEQUIPE) VALUES (10,2);
INSERT INTO ETRE_MEMBRE(IDCHERCHEUR,IDEQUIPE) VALUES (11,2);
INSERT INTO ETRE_MEMBRE(IDCHERCHEUR,IDEQUIPE) VALUES (12,2);
INSERT INTO ETRE_MEMBRE(IDCHERCHEUR,IDEQUIPE) VALUES (13,2);
INSERT INTO ETRE_MEMBRE(IDCHERCHEUR,IDEQUIPE) VALUES (14,2);
INSERT INTO ETRE_MEMBRE(IDCHERCHEUR,IDEQUIPE) VALUES (15,3);
INSERT INTO ETRE_MEMBRE(IDCHERCHEUR,IDEQUIPE) VALUES (16,3);
INSERT INTO ETRE_MEMBRE(IDCHERCHEUR,IDEQUIPE) VALUES (17,3);
INSERT INTO ETRE_MEMBRE(IDCHERCHEUR,IDEQUIPE) VALUES (18,3);
INSERT INTO ETRE_MEMBRE(IDCHERCHEUR,IDEQUIPE) VALUES (19,3);


INSERT INTO EST_RESPONSABLE(IDCHERCHEUR,ID_TACHE) VALUES (3,0);
INSERT INTO EST_RESPONSABLE(IDCHERCHEUR,ID_TACHE) VALUES (5,0);
INSERT INTO EST_RESPONSABLE(IDCHERCHEUR,ID_TACHE) VALUES (10,0);
INSERT INTO EST_RESPONSABLE(IDCHERCHEUR,ID_TACHE) VALUES (17,0);
INSERT INTO EST_RESPONSABLE(IDCHERCHEUR,ID_TACHE) VALUES (2,1);
INSERT INTO EST_RESPONSABLE(IDCHERCHEUR,ID_TACHE) VALUES (6,1);
INSERT INTO EST_RESPONSABLE(IDCHERCHEUR,ID_TACHE) VALUES (12,1);
INSERT INTO EST_RESPONSABLE(IDCHERCHEUR,ID_TACHE) VALUES (16,1);
INSERT INTO EST_RESPONSABLE(IDCHERCHEUR,ID_TACHE) VALUES (1,2);
INSERT INTO EST_RESPONSABLE(IDCHERCHEUR,ID_TACHE) VALUES (7,2);
INSERT INTO EST_RESPONSABLE(IDCHERCHEUR,ID_TACHE) VALUES (11,2);
INSERT INTO EST_RESPONSABLE(IDCHERCHEUR,ID_TACHE) VALUES (19,2);
INSERT INTO EST_RESPONSABLE(IDCHERCHEUR,ID_TACHE) VALUES (4,3);
INSERT INTO EST_RESPONSABLE(IDCHERCHEUR,ID_TACHE) VALUES (8,3);
INSERT INTO EST_RESPONSABLE(IDCHERCHEUR,ID_TACHE) VALUES (15,3);
INSERT INTO EST_RESPONSABLE(IDCHERCHEUR,ID_TACHE) VALUES (18,3);
INSERT INTO EST_RESPONSABLE(IDCHERCHEUR,ID_TACHE) VALUES (0,4);
INSERT INTO EST_RESPONSABLE(IDCHERCHEUR,ID_TACHE) VALUES (9,4);
INSERT INTO EST_RESPONSABLE(IDCHERCHEUR,ID_TACHE) VALUES (14,4);
INSERT INTO EST_RESPONSABLE(IDCHERCHEUR,ID_TACHE) VALUES (19,4);

INSERT INTO REUNION_LABORATOIRE(IDREUNION,DATEREUNION,HEUREREUNION,SALLEREUNION,IDLABORATOIRE) VALUES (0,TO_DATE('24112023','DDMMYYYY'),TO_DATE('16:00','HH24:MI'),'Salle 4',0);
INSERT INTO REUNION_LABORATOIRE(IDREUNION,DATEREUNION,HEUREREUNION,SALLEREUNION,IDLABORATOIRE) VALUES (1,TO_DATE('25112023','DDMMYYYY'),TO_DATE('16:00','HH24:MI'),'Salle 5',0);
INSERT INTO REUNION_LABORATOIRE(IDREUNION,DATEREUNION,HEUREREUNION,SALLEREUNION,IDLABORATOIRE) VALUES (2,TO_DATE('24112023','DDMMYYYY'),TO_DATE('16:00','HH24:MI'),'Salle 1',1);
INSERT INTO REUNION_LABORATOIRE(IDREUNION,DATEREUNION,HEUREREUNION,SALLEREUNION,IDLABORATOIRE) VALUES (3,TO_DATE('01122023','DDMMYYYY'),TO_DATE('16:00','HH24:MI'),'Salle 1',1);
INSERT INTO REUNION_LABORATOIRE(IDREUNION,DATEREUNION,HEUREREUNION,SALLEREUNION,IDLABORATOIRE) VALUES (4,TO_DATE('01122023','DDMMYYYY'),TO_DATE('16:00','HH24:MI'),'Salle 4',1);
INSERT INTO REUNION_LABORATOIRE(IDREUNION,DATEREUNION,HEUREREUNION,SALLEREUNION,IDLABORATOIRE) VALUES (5,TO_DATE('01122023','DDMMYYYY'),TO_DATE('16:00','HH24:MI'),'Salle 4',0);


INSERT INTO PARTICIPER_REUNION(IDCHERCHEUR,IDREUNION) VALUES (4,0);
INSERT INTO PARTICIPER_REUNION(IDCHERCHEUR,IDREUNION) VALUES (1,0);
INSERT INTO PARTICIPER_REUNION(IDCHERCHEUR,IDREUNION) VALUES (6,1);
INSERT INTO PARTICIPER_REUNION(IDCHERCHEUR,IDREUNION) VALUES (9,1);
INSERT INTO PARTICIPER_REUNION(IDCHERCHEUR,IDREUNION) VALUES (14,2);
INSERT INTO PARTICIPER_REUNION(IDCHERCHEUR,IDREUNION) VALUES (10,2);
INSERT INTO PARTICIPER_REUNION(IDCHERCHEUR,IDREUNION) VALUES (19,3);
INSERT INTO PARTICIPER_REUNION(IDCHERCHEUR,IDREUNION) VALUES (16,3);
INSERT INTO PARTICIPER_REUNION(IDCHERCHEUR,IDREUNION) VALUES (4,5);
INSERT INTO PARTICIPER_REUNION(IDCHERCHEUR,IDREUNION) VALUES (1,5);

INSERT INTO PRODUIT(ID_PRODUIT,NB_RESTANT_PRODUIT,IDCHERCHEUR,IDLABORATOIRE,IDPRODUITCHIMIQUE) VALUES (0,20,2,0,0);
INSERT INTO PRODUIT(ID_PRODUIT,NB_RESTANT_PRODUIT,IDCHERCHEUR,IDLABORATOIRE,ID_ENZYME_RESTRICTION) VALUES (1,20,2,0,0);
INSERT INTO PRODUIT(ID_PRODUIT,NB_RESTANT_PRODUIT,IDCHERCHEUR,IDLABORATOIRE,ID_MAT_BIO) VALUES (2,20,2,0,0);
INSERT INTO PRODUIT(ID_PRODUIT,NB_RESTANT_PRODUIT,IDCHERCHEUR,IDLABORATOIRE,IDCULTURECELLULAIRE) VALUES (3,20,2,0,0);
INSERT INTO PRODUIT(ID_PRODUIT,NB_RESTANT_PRODUIT,IDCHERCHEUR,IDLABORATOIRE,IDCONSOMMABLE) VALUES (4,20,2,0,0);

INSERT INTO PRODUIT(ID_PRODUIT,NB_RESTANT_PRODUIT,IDCHERCHEUR,IDLABORATOIRE,IDPRODUITCHIMIQUE) VALUES (5,20,6,0,1);
INSERT INTO PRODUIT(ID_PRODUIT,NB_RESTANT_PRODUIT,IDCHERCHEUR,IDLABORATOIRE,ID_ENZYME_RESTRICTION) VALUES (6,20,6,0,1);
INSERT INTO PRODUIT(ID_PRODUIT,NB_RESTANT_PRODUIT,IDCHERCHEUR,IDLABORATOIRE,ID_MAT_BIO) VALUES (7,20,6,0,1);
INSERT INTO PRODUIT(ID_PRODUIT,NB_RESTANT_PRODUIT,IDCHERCHEUR,IDLABORATOIRE,IDCULTURECELLULAIRE) VALUES (8,20,6,0,1);
INSERT INTO PRODUIT(ID_PRODUIT,NB_RESTANT_PRODUIT,IDCHERCHEUR,IDLABORATOIRE,IDCONSOMMABLE) VALUES (9,20,6,0,1);

INSERT INTO PRODUIT(ID_PRODUIT,NB_RESTANT_PRODUIT,IDCHERCHEUR,IDLABORATOIRE,IDPRODUITCHIMIQUE) VALUES (10,2,12,1,2);
INSERT INTO PRODUIT(ID_PRODUIT,NB_RESTANT_PRODUIT,IDCHERCHEUR,IDLABORATOIRE,ID_ENZYME_RESTRICTION) VALUES (11,40,12,1,2);
INSERT INTO PRODUIT(ID_PRODUIT,NB_RESTANT_PRODUIT,IDCHERCHEUR,IDLABORATOIRE,ID_MAT_BIO) VALUES (12,23,12,1,2);
INSERT INTO PRODUIT(ID_PRODUIT,NB_RESTANT_PRODUIT,IDCHERCHEUR,IDLABORATOIRE,IDCULTURECELLULAIRE) VALUES (13,24,12,1,2);
INSERT INTO PRODUIT(ID_PRODUIT,NB_RESTANT_PRODUIT,IDCHERCHEUR,IDLABORATOIRE,IDCONSOMMABLE) VALUES (14,19,12,1,2);

INSERT INTO PRODUIT(ID_PRODUIT,NB_RESTANT_PRODUIT,IDCHERCHEUR,IDLABORATOIRE,IDPRODUITCHIMIQUE) VALUES (15,23,16,1,2);
INSERT INTO PRODUIT(ID_PRODUIT,NB_RESTANT_PRODUIT,IDCHERCHEUR,IDLABORATOIRE,ID_ENZYME_RESTRICTION) VALUES (16,22,16,1,0);
INSERT INTO PRODUIT(ID_PRODUIT,NB_RESTANT_PRODUIT,IDCHERCHEUR,IDLABORATOIRE,ID_MAT_BIO) VALUES (17,5,16,1,1);
INSERT INTO PRODUIT(ID_PRODUIT,NB_RESTANT_PRODUIT,IDCHERCHEUR,IDLABORATOIRE,IDCULTURECELLULAIRE) VALUES (18,10,16,1,0);
INSERT INTO PRODUIT(ID_PRODUIT,NB_RESTANT_PRODUIT,IDCHERCHEUR,IDLABORATOIRE,IDCONSOMMABLE) VALUES (19,18,16,1,1);

INSERT INTO RESERVATION(ID_RESERVATION,DATE_RESERVATION,HEURE_RESERVATION,IDCHERCHEUR,IDLABORATOIRE) VALUES (0,TO_DATE('15112023','DDMMYYYY'),TO_DATE('4:00','HH:MI'),4,0);
INSERT INTO RESERVATION(ID_RESERVATION,DATE_RESERVATION,HEURE_RESERVATION,IDCHERCHEUR,IDLABORATOIRE) VALUES (1,TO_DATE('20112023','DDMMYYYY'),TO_DATE('10:00','HH:MI'),8,0);
INSERT INTO RESERVATION(ID_RESERVATION,DATE_RESERVATION,HEURE_RESERVATION,IDCHERCHEUR,IDLABORATOIRE) VALUES (2,TO_DATE('22112023','DDMMYYYY'),TO_DATE('10:00','HH:MI'),14,1);
INSERT INTO RESERVATION(ID_RESERVATION,DATE_RESERVATION,HEURE_RESERVATION,IDCHERCHEUR,IDLABORATOIRE) VALUES (3,TO_DATE('23112023','DDMMYYYY'),TO_DATE('4:00','HH:MI'),16,1);

INSERT INTO RESERVER_PRODUIT(ID_RESERVATION,ID_PRODUIT) VALUES (0,0);
INSERT INTO RESERVER_PRODUIT(ID_RESERVATION,ID_PRODUIT) VALUES (0,1);
INSERT INTO RESERVER_PRODUIT(ID_RESERVATION,ID_PRODUIT) VALUES (0,2);
INSERT INTO RESERVER_PRODUIT(ID_RESERVATION,ID_PRODUIT) VALUES (1,4);
INSERT INTO RESERVER_PRODUIT(ID_RESERVATION,ID_PRODUIT) VALUES (1,5);
INSERT INTO RESERVER_PRODUIT(ID_RESERVATION,ID_PRODUIT) VALUES (1,6);
INSERT INTO RESERVER_PRODUIT(ID_RESERVATION,ID_PRODUIT) VALUES (2,12);
INSERT INTO RESERVER_PRODUIT(ID_RESERVATION,ID_PRODUIT) VALUES (2,13);
INSERT INTO RESERVER_PRODUIT(ID_RESERVATION,ID_PRODUIT) VALUES (2,14);
INSERT INTO RESERVER_PRODUIT(ID_RESERVATION,ID_PRODUIT) VALUES (3,12);
INSERT INTO RESERVER_PRODUIT(ID_RESERVATION,ID_PRODUIT) VALUES (3,13);
INSERT INTO RESERVER_PRODUIT(ID_RESERVATION,ID_PRODUIT) VALUES (3,19);

INSERT INTO UTILISER(IDEXPERIENCE,ID_PRODUIT) VALUES (0,0);
INSERT INTO UTILISER(IDEXPERIENCE,ID_PRODUIT) VALUES (0,2);
INSERT INTO UTILISER(IDEXPERIENCE,ID_PRODUIT) VALUES (0,4);
INSERT INTO UTILISER(IDEXPERIENCE,ID_PRODUIT) VALUES (1,6);
INSERT INTO UTILISER(IDEXPERIENCE,ID_PRODUIT) VALUES (1,4);
INSERT INTO UTILISER(IDEXPERIENCE,ID_PRODUIT) VALUES (1,1);
INSERT INTO UTILISER(IDEXPERIENCE,ID_PRODUIT) VALUES (2,12);
INSERT INTO UTILISER(IDEXPERIENCE,ID_PRODUIT) VALUES (2,18);
INSERT INTO UTILISER(IDEXPERIENCE,ID_PRODUIT) VALUES (2,19);
INSERT INTO UTILISER(IDEXPERIENCE,ID_PRODUIT) VALUES (2,17);

INSERT INTO COMMANDE(IDCOMMANDE,DATECOMMANDE,DATELIVRAISON,IDLABORATOIRE,IDFOURNISSEUR,ID_PRODUIT) VALUES (0,TO_DATE('15112023','DDMMYYYY'),TO_DATE('20112023','DDMMYYYY'),0,0,0);
INSERT INTO COMMANDE(IDCOMMANDE,DATECOMMANDE,DATELIVRAISON,IDLABORATOIRE,IDFOURNISSEUR,ID_PRODUIT) VALUES (1,TO_DATE('15112023','DDMMYYYY'),TO_DATE('20112023','DDMMYYYY'),0,0,1);
INSERT INTO COMMANDE(IDCOMMANDE,DATECOMMANDE,DATELIVRAISON,IDLABORATOIRE,IDFOURNISSEUR,ID_PRODUIT) VALUES (2,TO_DATE('16112023','DDMMYYYY'),TO_DATE('21112023','DDMMYYYY'),0,1,16);
INSERT INTO COMMANDE(IDCOMMANDE,DATECOMMANDE,DATELIVRAISON,IDLABORATOIRE,IDFOURNISSEUR,ID_PRODUIT) VALUES (3,TO_DATE('20112023','DDMMYYYY'),TO_DATE('26112023','DDMMYYYY'),0,1,17);
INSERT INTO COMMANDE(IDCOMMANDE,DATECOMMANDE,DATELIVRAISON,IDLABORATOIRE,IDFOURNISSEUR,ID_PRODUIT) VALUES (4,TO_DATE('26112023','DDMMYYYY'),TO_DATE('30112023','DDMMYYYY'),0,0,4);
INSERT INTO COMMANDE(IDCOMMANDE,DATECOMMANDE,DATELIVRAISON,IDLABORATOIRE,IDFOURNISSEUR,ID_PRODUIT) VALUES (5,TO_DATE('22112023','DDMMYYYY'),TO_DATE('27112023','DDMMYYYY'),0,1,12);